name,email,phone,address,Note 1,Note 2
Debra Davis,rlucas@example.net,001-266-603-7227x4584,"PSC 7141, Box 1278
APO AE 79602",Thing rate be century crime.,Along country also land class here inside.
Adrian Lee,mariastewart@example.com,(622)990-3383x39917,"1627 Tammy Meadow Suite 503
Kevinmouth, SC 11917",Attack memory nearly their stop toward.,Easy feel rate themselves happen.
Andrea Riley,wortega@example.net,517-982-5133x20165,"6300 Sanchez Shoals
Nataliebury, MS 75972",Sit beautiful should play.,Between also south general tough.
David Strong,osmith@example.net,+1-500-899-7685,"57503 David Springs
East Daniel, ME 65038",Particular this here provide among sense.,Along room listen field.
Cynthia Soto,vmunoz@example.com,828.468.8793x94993,"42573 Henderson Station Suite 150
New Carla, TN 49615",Above when bag rise wear day organization threat.,Dark rock peace wait avoid.
Jennifer Powers,alexanderjames@example.org,(389)916-9401x527,"30240 Shaw Mills Suite 911
Cherylfort, NJ 29167",Activity education cut loss skin.,Just history possible expert yes challenge.
Mark Wong,harperjoanne@example.com,(449)303-4829,"98741 Dickerson Wells
Darrellmouth, WA 31374",Commercial remember tree Mrs out glass position like.,Nor kitchen bank police brother because despite.
Meghan Norris,lindseybrown@example.com,274-692-2042x3257,"8388 Zachary Fords
North Crystal, MA 73023",Billion upon miss site record base.,Fall visit military relationship even blood.
Emily Edwards,john49@example.net,+1-700-201-8707x695,"07374 Brandon Cape
North Nicholas, CO 90162",Listen magazine eight prepare type model focus.,Natural technology know five region notice.
Ashley Brown,haileycarter@example.net,+1-321-334-2143x02616,"505 Cynthia Mission Suite 967
Port Angelamouth, OH 27123",Computer state resource information.,Clear particularly mean those peace always present.
Rachel Wright,kchurch@example.com,836-881-2999x776,"7484 Amy Forest Suite 247
Port Joelbury, NC 46759",Individual sign generation seem machine.,Agency not information song field.
Peter Valentine,glen21@example.com,(608)988-2007x34314,"Unit 8505 Box 8030
DPO AP 09848",Seven part attack young majority rate possible.,Company I account remember accept true stuff.
Tammy Thomas,nicoleleblanc@example.com,980.305.8021,"5681 Michael Viaduct
Nathanchester, WA 18698",With voice cell eye social yard concern.,Provide record protect will most.
Michelle Jones,phernandez@example.com,641.801.1437x82574,"6038 Robertson Forest Apt. 808
Lake Amandamouth, IA 95500",Practice thousand air answer positive certain.,Despite money hair once themselves agree.
Christian Brown,katherine35@example.com,(300)941-7098,"01786 Barbara Falls Apt. 451
Sherrystad, LA 14707",Near spring television deal wear commercial.,View across because candidate especially offer.
Jeffrey Fernandez,rodriguezchristina@example.org,(815)607-3354x447,"9988 Simpson Mission Suite 342
Christinestad, PR 76928",Me above arrive girl explain.,Growth prepare language indicate why piece world.
Lisa Smith,vanessajordan@example.net,697.976.5251,"2273 Gonzales Burgs
Longhaven, CA 90833",Approach project world high popular claim.,Job this food.
Jacob Reyes,bwilkinson@example.org,001-411-313-0185x94866,"336 Tina Center Apt. 828
Jerryhaven, MT 35825",Various at theory power than reflect.,Two continue almost drive.
Jane Green,robertkennedy@example.net,6759194729,"6681 David Trail
New Toniburgh, ME 37259",Site success contain suddenly.,Whether environment somebody.
Nancy Higgins,trandeborah@example.net,279-307-0238,"172 Jennifer Mount Apt. 564
South Nicoleview, ME 39799",Help total bag civil dream best.,Across social friend score sister affect between.
Andrea Taylor,simmonsdavid@example.net,778.990.7752x485,"437 Ryan Harbors
Floresfurt, ID 94221",Yes attention east seven realize charge daughter partner.,Discussion begin shake you task.
John Foley,chelseasanchez@example.net,786-798-5214,"5724 Mendoza Drive
Madelineton, ND 84251",Improve wonder care scene condition others new.,Option find old.
Jamie Pratt,brian84@example.org,294-889-1469x41154,"6992 Scott Bypass
West Angelaton, VT 67887",Pick much program stuff reach knowledge letter.,Try material thus human evidence together then realize.
Mark Valencia,ryan66@example.net,001-894-232-5707,"105 White Run Suite 628
West Elizabeth, WA 53639",Need wonder either middle position lead strategy.,Light pattern build who travel student ready form.
Monica Meyer,kyleross@example.com,760.498.8529x88621,"615 Ronnie Key Apt. 852
Arnoldshire, NM 87597",Wife bed head short western mouth explain.,Where them democratic risk.
Eric Larsen,lawrence05@example.com,(684)603-0180x4597,"0176 Nicholas Via Suite 390
Lake Brandonmouth, MI 06778",Thought hospital police start west necessary law owner.,Perform common car movie.
Amanda Spears,freemanbenjamin@example.com,(346)928-0738,"8149 Munoz Islands Apt. 565
Deborahview, HI 84749",Manage lay claim assume.,Performance next fast.
Todd Hartman,onealjason@example.net,657.547.5113x6160,"232 Shaffer Stream
Bennettside, PW 75877",Similar technology yard simple question nothing culture tonight.,Director where west treatment life million economic.
Andrea Miller,peggy36@example.org,001-241-496-4546x78940,"9218 Darlene Crossroad Suite 577
Denisestad, NV 13579",Market above measure that four process public shake.,Hear computer town support.
Mr. Timothy Hall,jenniferwright@example.com,887-516-6381x783,"8602 Burton Parkway Apt. 252
Port Derrick, MO 07470",Shake evidence home however exist.,Student write religious writer whose wear.
Christopher Hall,davidduncan@example.net,(840)668-6598,"7633 Blackburn Land
Harrisside, MO 85895",Opportunity during evening me investment.,Most success actually only rest tax interview degree.
Sherri Cisneros,christopher62@example.com,(286)536-5522x1564,"2025 Miller Manors
Kristyside, WA 14353",Change range baby result national.,Many tax matter network trial civil write into.
Theodore Robinson,robertawallace@example.net,687-491-4939x401,"896 Wright River
Coreyside, NJ 08303",Should save if stay.,Such official form traditional probably.
Paul Williams,rodneychristensen@example.net,980-672-9146x6556,"1110 Schmidt Valleys
Rebeccaberg, PR 56304",Some set owner break.,Go agent picture soldier.
Ashley Williams,timothy45@example.org,330.738.3707,"98455 Vargas Radial
Wilsonborough, CT 28747",Hard development decision program rise forward.,Southern third member activity those.
Brianna Rodriguez,christinanguyen@example.org,8394283000,"PSC 1656, Box 3036
APO AA 10323",Deal include fine mission four test.,Mean nor analysis door have.
Glenn Gray,jacob48@example.com,(743)412-7020x666,"277 Cynthia Stream Suite 036
Jasonside, FM 76927",Pm camera enter coach.,Evidence seem agreement rather use.
Brian Hernandez,mckeederrick@example.org,+1-906-403-6169x1195,"7967 Peter Parks Apt. 062
Markhaven, VI 39877",Book list well special main defense.,Stay carry student hot place.
Kaitlyn Robertson,kellercole@example.net,890-409-4371,"49082 Barbara Spur
Derrickland, VI 74815",Family guess deal new let little.,Choose us might whole.
Nichole Vance,mrodriguez@example.org,(419)523-0271x63819,"282 Nancy Villages Suite 625
East Heather, VA 42366",Find step himself land green situation gun.,Change responsibility move leave writer hair later behavior.
James Benson,jodyaguirre@example.net,001-715-351-6002x438,"425 Flores View
New Morganfort, NH 72041",Something finish lead reason build discuss.,Election million any five go job.
Shane Anderson,kimberlynguyen@example.net,(451)369-6909,"35869 Lindsay Forge Suite 050
West Ashley, KY 88550",Far dark thousand nature individual.,Pressure employee may require necessary.
Alex Herring,antoniomclaughlin@example.com,+1-571-688-7238x64703,"PSC 4907, Box 5976
APO AA 57189",Fire sell avoid.,Now beyond involve bed seven Mrs study chair.
Jacqueline Blankenship,xhamilton@example.org,612.385.6677x64956,"68382 Jill Terrace Suite 741
East Lisa, PA 92857",Old surface together hundred this with fine result.,National idea wife town hot.
Jake Johnson,wsmith@example.com,(507)807-1674x4191,"182 Rose Canyon
Lake Haroldport, VA 99302",Small else west between.,Manager above high very support already growth.
Michelle Lowery,jessicahebert@example.net,362.921.6965,"USS Franco
FPO AP 96080",Ask series treat energy.,Hand cell important conference produce.
Thomas Mccarty,joyce58@example.com,457-442-0096,"227 Derek Cape
Marktown, NV 73236",Range interest speak born her us four.,Last themselves then say.
George Bean,katrinavaughn@example.com,8229656767,"5285 Ernest Trail Apt. 588
North Shirley, OR 89465",Wife chair away mention only.,Our significant environment western audience you.
David Allen,pgarrett@example.org,567.701.7402x7561,"5904 Strong Dale Suite 474
Michaelview, NH 26590",Consider treat example Mr factor standard.,Six amount inside something.
Joshua Johnson,randygreen@example.net,660.253.2967,"2040 Brandy Lodge Apt. 808
Lake Emily, AK 43569",Call address not particularly doctor join body.,Doctor along cold north front deal.
Joseph Duarte,joyceperry@example.net,5835305440,"12655 John Loaf
Haletown, MN 08313",Nature training morning seek painting free.,Over career must learn.
Brittney Sutton,karen28@example.net,3995642549,"66409 Flynn Shoals
West Teresa, WI 24444",Tend research too popular.,They could soon agreement will education feel.
Michael Murillo,igarcia@example.com,684.841.9277,"336 Charles Inlet
Rebekahberg, VT 20606",Foreign close east several notice relationship final.,Per through question contain.
Jeffrey Morse,ocook@example.org,464.886.1640x30005,"914 Carrie Bypass Apt. 492
Andersonmouth, AK 24500",Director same ago prepare land mission brother.,Responsibility order moment purpose three service.
John Brown,frostlisa@example.net,+1-457-620-3293x617,"USCGC Church
FPO AE 84509",Fill practice positive TV growth.,Whatever strong everyone.
Rachel Morgan,matthewreed@example.net,+1-344-585-3450x7615,"002 Matthew Isle Apt. 456
East Joshuashire, NH 37136",Research thing high.,Interesting author religious main attack capital.
Christopher Blankenship,fryebarry@example.com,2999791415,"48449 Ho Rapid
Johnsonborough, MI 11131",Laugh nice wait.,Car list usually above.
Emily Brown,chavezderek@example.org,9343248850,"646 Cummings Road
New Karistad, IL 74155",Clearly less impact we.,Contain room everybody analysis continue.
Richard Buchanan,oaguirre@example.net,728.765.9789x92916,"5851 Meyer Cape
New Brandy, MH 96641",However debate worry full almost network garden.,Seem improve lead.
Holly York,lindamurphy@example.com,(835)743-8177x679,"711 Moreno Loop Apt. 260
Hernandezmouth, NV 22060",Shoulder very rock.,Than mission win yourself lot something themselves.
Reginald Garcia,kylierodriguez@example.org,686-899-2517x887,"91185 David Alley
Henryshire, AL 57142",Who industry perhaps Democrat.,None industry century field art.
Amber Garcia,kim01@example.com,(426)983-1481x995,"5317 David View
Victormouth, ID 38436",Standard PM region east.,Account push impact continue because trip.
Kathleen Arnold,theresaboyd@example.org,+1-952-826-5986,"86605 Anthony Motorway
Lake Gina, WY 62165",State sing great.,Put staff popular huge media common.
Melissa Roberts,rochaangela@example.net,722.388.1970x354,"45609 David Brooks
Grahamfurt, OH 36808",Day hair win significant they PM such.,Street business his his choose.
Michael Smith,kenneth30@example.net,6738435992,"92813 Murphy Roads
Katherinefurt, KY 93752",Onto interest executive once wall friend turn.,Scene industry claim eat entire.
Kimberly Lang,ogomez@example.com,528.250.8954x9336,"USNS James
FPO AE 34880",Full six speech ground let loss baby significant.,Citizen charge part big.
Jacqueline Moore,ljensen@example.org,(846)265-4139,"0212 Joseph Haven
North Tracy, VA 50812",Agree pull gun each leave law learn other.,You staff appear defense president camera.
Jennifer Mcclain,thomascharles@example.org,8314309545,"10924 Bautista Camp
Juliaport, IL 42173",Size attack wear physical pick ball.,Yard specific break quite.
Brandon Wallace,kirsten45@example.net,652.506.1880x74875,"433 Martinez Falls
North Edward, SC 53398",Morning partner suffer hospital article.,Check word answer figure country change.
Nancy Little,david65@example.org,+1-289-299-1140x2752,"69081 Taylor Drives
Alvarezmouth, FL 15288",Size television simply.,Home citizen push medical within control fish.
Katherine Hayes,jacksonnatalie@example.org,+1-392-491-0664x04866,"53566 Rogers Greens
Lake Melissa, OK 29854",Perform billion the story power answer.,Activity shake few reduce rise.
Shelley Mooney,alittle@example.org,+1-789-212-3504x319,"8640 Medina Crossroad
Elizabethfurt, KY 97708",Time laugh main central check friend finally dinner.,Court course six four public those.
Jonathan Schultz,asnyder@example.org,001-280-990-7042x1450,"1324 Samantha Mission
Leefurt, CT 27791",May available age begin.,Treat financial how learn forward never carry.
Katrina Wilson,brianlambert@example.org,821-794-5274x46328,"4768 Jennings Camp
Berryview, ND 86552",Still lot college.,Fine who industry character.
Joshua Gutierrez,gcastro@example.net,2139629854,"4276 Shannon Pine Apt. 210
Scottview, VT 99105",Source your computer only enter card thank.,Carry ask left best.
Cynthia Phillips,ktucker@example.org,001-726-221-0074x9229,"408 Patricia Road
North Christopherhaven, MN 32129",Who he everybody building.,Seem mission word deal detail sound that decade.
Brent Thompson,james02@example.com,584-290-1885,"32856 Sean Harbors
West Tina, WV 76508",Listen pick total responsibility.,Would pull per line very decision accept.
Gregory Huang,donna96@example.org,956.822.8747x44161,"36009 Sanders Cliff
North Gerald, VI 52849",No piece simple three.,Send back value reduce very.
Mark Smith,annette29@example.org,001-457-798-5265x95220,"98179 Thomas Field
Murrayport, AK 13429",Free financial me brother only.,Everybody each have drug.
Kathleen Lawson,gblake@example.com,431.295.6641x6043,"23145 Powell Isle Suite 210
Matthewville, GU 97434",High security agreement president suffer.,Great modern rest few modern big serious.
Barbara Ray,tracy05@example.com,333.762.5016x798,"8156 Kevin Pike
South Todd, NY 10810",Like push actually.,Evening look success enjoy.
Brittany Crawford,emily49@example.org,(405)375-3761,"7708 Allen Manors Suite 204
East Michellemouth, IA 43447",Chance mother player bad stay near.,Become wall chair cell more.
Gail Carlson,marshallanna@example.net,+1-421-906-7359x57798,"782 Cheryl Isle
Christinaland, TX 26299",Behind college collection student.,Town clear for everything girl order item.
Aaron Walker,kevin62@example.com,(844)347-8719x32509,"078 Brian Skyway
Ricardoport, WI 18570",Conference similar under reduce that.,Eat imagine teacher determine about those.
Nathan Harrington,ywhite@example.com,902-266-6929,"157 Hoffman Point
Davisburgh, VI 22877",Few only social.,Million ability special after edge tough.
Carlos Matthews,joseph90@example.net,001-717-549-4776,"324 Katherine Skyway Apt. 170
Alexandermouth, MN 90895",Traditional training room.,Community century ready continue.
Jacob Jones,matthew31@example.org,(503)738-8454,"7873 Gray Islands
Adamshaven, PR 66270",Religious own still authority career civil.,Senior give third seven others specific fire.
Scott Evans,espinozarobin@example.net,2992216678,"USNV Conner
FPO AP 63385",True shoulder challenge later act firm who learn.,Stock old letter ability him tree nice.
Sean Herrera,qwilliams@example.net,001-525-480-2875x72784,"2262 Harris Wells
Joneston, AS 35572",Cell nor hope eye tough.,Your difference last born affect.
Emily Hawkins,mallorythomas@example.org,+1-387-410-3535x1513,"107 Cox Avenue Suite 226
Port Diana, FL 29250",Short color quite.,Democratic create feeling sport parent blood.
Samantha Villanueva,cindygriffin@example.org,725.420.0739x7682,"12260 Garcia Trail
Caseystad, MO 39549",Office high attorney answer think order machine month.,Owner hear peace listen.
Ashley Gill,kscott@example.com,832-234-1502x5950,"12647 Dennis Land
Evanmouth, MS 34031",Point speak hit section speak.,Near hundred particularly still according.
Joel White,mark63@example.com,958.654.6088,"2398 Nicholas Road Apt. 991
New Nicholasshire, NM 03147",Value near them but.,Move so couple bring quite song.
Danny Torres,yyoung@example.com,5545931916,"32987 Michael Green Suite 784
South Kimberlyborough, FM 49764",Fund move make ten onto analysis data.,Heavy drop somebody wait.
Justin Peterson,martinbrian@example.com,827.388.0486x300,"8181 Rachel Mill Suite 023
Pageshire, WI 80714",Actually evidence speech turn his police include skill.,Within truth major court series argue might.
Linda James,cherylsanchez@example.org,710-415-0571x46499,"72508 Watson Spring Apt. 112
Lake Kristinafort, MH 26659",Enter special available toward.,Already store health later guess either gun.
Laura Jones,barnettrichard@example.org,259.668.9406x963,"517 Ford Rapid
Lake Roybury, FM 19101",Agreement media pay large.,Sit safe miss person firm there.
Larry Richards,tonihanna@example.net,471.422.8126,"5876 Poole Harbors Suite 179
Port Katherineshire, ND 91537",Safe find build exactly throughout.,Bit become born dog.
Miranda Collins,navarrovickie@example.org,+1-277-255-5847x6524,"777 Michelle Manor Apt. 728
Lake Kellyport, IN 78408",Instead several loss score.,Eat not oil seat at movie however.
Erin Young,blarsen@example.com,548.587.5001,"6931 Morgan Forks
Sarahfurt, HI 45705",Second you risk economic.,Adult theory call point her glass yard sure.
